run_id,git_commit,experiment_id,architecture,seed,split,condition,split_csv_sha256,checkpoint_sha256,n_4class,accuracy_4class,accuracy_4class_ci_lower,accuracy_4class_ci_upper,macro_f1_4class,majority_floor_4class,majority_floor_4class_ci_lower,majority_floor_4class_ci_upper,n_3class,accuracy_3class,accuracy_3class_ci_lower,accuracy_3class_ci_upper,macro_f1_3class,majority_floor_3class,majority_floor_3class_ci_lower,majority_floor_3class_ci_upper,recall_glioma,recall_meningioma,recall_notumor,recall_pituitary,pred_share_glioma,pred_share_meningioma,pred_share_notumor,pred_share_pituitary,max_pred_share,modal_pred_class
2026-08-sweep-a,9eb9550dca47eb4f44103eb07bcb8c463a61bdb9,E001,ResNet18,42,val,intact,944ce00e4be958f3688a0996f6fb928fc7717e7c2804abb8000f28976efe0d43,3451f1c66cdff9c212f0e49be6c0f2fef0bd9607dc923a2751137eb37dfda90e,1053,0.9658119658119658,0.9530333860433979,0.9752042335279199,0.9659831604350778,0.25546058879392214,0.23004089812716622,0.2826580069908474,801,0.9712858926342073,0.957281676449429,0.9807912716144978,0.9731861259301695,0.3358302122347066,0.3039762337441446,0.3692513353408716,0.966542750929368,0.9700374531835206,0.9484126984126984,0.9773584905660377,0.25546058879392214,0.26495726495726496,0.22981956315289648,0.24976258309591642,0.26495726495726496,meningioma
2026-08-sweep-a,9eb9550dca47eb4f44103eb07bcb8c463a61bdb9,E001,ResNet18,42,val,skull_outline,944ce00e4be958f3688a0996f6fb928fc7717e7c2804abb8000f28976efe0d43,3451f1c66cdff9c212f0e49be6c0f2fef0bd9607dc923a2751137eb37dfda90e,1053,0.37606837606837606,0.34731119068198585,0.40572650686326,0.28512972453555413,0.25546058879392214,0.23004089812716622,0.2826580069908474,801,0.18851435705368288,0.16293893327331516,0.21706318449635442,0.2370701811476299,0.3358302122347066,0.3039762337441446,0.3692513353408716,0.03345724907063197,0.5318352059925093,0.9722222222222222,0.0,0.010446343779677113,0.16999050332383667,0.8195631528964862,0.0,0.8195631528964862,notumor
2026-08-sweep-a,9eb9550dca47eb4f44103eb07bcb8c463a61bdb9,E001,ResNet18,42,test,intact,944ce00e4be958f3688a0996f6fb928fc7717e7c2804abb8000f28976efe0d43,3451f1c66cdff9c212f0e49be6c0f2fef0bd9607dc923a2751137eb37dfda90e,1051,0.9543292102759277,0.9399678647356442,0.9653814576807156,0.9546127394877477,0.2559467174119886,0.23048562553272908,0.28318536671900646,800,0.9575,0.9411980536954949,0.9694292745763116,0.9631301852537787,0.33625,0.3043646617003492,0.3697004202570097,0.9516728624535316,0.947565543071161,0.9442231075697212,0.9734848484848485,0.25689819219790677,0.263558515699334,0.2340627973358706,0.24548049476688868,0.263558515699334,meningioma
2026-08-sweep-a,9eb9550dca47eb4f44103eb07bcb8c463a61bdb9,E001,ResNet18,42,test,skull_outline,944ce00e4be958f3688a0996f6fb928fc7717e7c2804abb8000f28976efe0d43,3451f1c66cdff9c212f0e49be6c0f2fef0bd9607dc923a2751137eb37dfda90e,1051,0.3615604186489058,0.3330664167592161,0.39106274258825957,0.2723194039017193,0.2559467174119886,0.23048562553272908,0.28318536671900646,800,0.17625,0.15141119274500933,0.2041831295981659,0.22698264917477784,0.33625,0.3043646617003492,0.3697004202570097,0.026022304832713755,0.50187265917603,0.952191235059761,0.0,0.008563273073263558,0.16175071360608945,0.829686013320647,0.0,0.829686013320647,notumor
2026-08-sweep-a,9eb9550dca47eb4f44103eb07bcb8c463a61bdb9,E001,ResNet18,43,val,intact,944ce00e4be958f3688a0996f6fb928fc7717e7c2804abb8000f28976efe0d43,2c74ecb2c490cc4447a01c97b85bda8ebc9266fb79d5834071ea0e0d556408ed,1053,0.9667616334283001,0.9541252278999783,0.9760048231077745,0.9667461534514162,0.25546058879392214,0.23004089812716622,0.2826580069908474,801,0.9737827715355806,0.9602535068909884,0.9827893640765882,0.9768521672481031,0.3358302122347066,0.3039762337441446,0.3692513353408716,0.9739776951672863,0.9625468164794008,0.9444444444444444,0.9849056603773585,0.2573599240265907,0.26020892687559355,0.23076923076923078,0.251661918328585,0.26020892687559355,meningioma
2026-08-sweep-a,9eb9550dca47eb4f44103eb07bcb8c463a61bdb9,E001,ResNet18,43,val,skull_outline,944ce00e4be958f3688a0996f6fb928fc7717e7c2804abb8000f28976efe0d43,2c74ecb2c490cc4447a01c97b85bda8ebc9266fb79d5834071ea0e0d556408ed,1053,0.5460588793922128,0.5158743144741198,0.5759086101929729,0.46329000399016085,0.25546058879392214,0.23004089812716622,0.2826580069908474,801,0.4157303370786517,0.3820810902332214,0.4501840117685931,0.4015685614271383,0.3358302122347066,0.3039762337441446,0.3692513353408716,0.7806691449814126,0.4606741573033708,0.9603174603174603,0.0,0.3903133903133903,0.15194681861348527,0.4577397910731244,0.0,0.4577397910731244,notumor
2026-08-sweep-a,9eb9550dca47eb4f44103eb07bcb8c463a61bdb9,E001,ResNet18,43,test,intact,944ce00e4be958f3688a0996f6fb928fc7717e7c2804abb8000f28976efe0d43,2c74ecb2c490cc4447a01c97b85bda8ebc9266fb79d5834071ea0e0d556408ed,1051,0.9676498572787822,0.9551347657753798,0.9767588299683708,0.967658618333501,0.2559467174119886,0.23048562553272908,0.28318536671900646,800,0.975,0.9617010785457061,0.9837589890589018,0.9787175054610753,0.33625,0.3043646617003492,0.3697004202570097,0.966542750929368,0.9700374531835206,0.9442231075697212,0.9886363636363636,0.25404376784015226,0.26450999048525214,0.23120837297811608,0.25023786869647957,0.26450999048525214,meningioma
2026-08-sweep-a,9eb9550dca47eb4f44103eb07bcb8c463a61bdb9,E001,ResNet18,43,test,skull_outline,944ce00e4be958f3688a0996f6fb928fc7717e7c2804abb8000f28976efe0d43,2c74ecb2c490cc4447a01c97b85bda8ebc9266fb79d5834071ea0e0d556408ed,1051,0.5242626070409134,0.49403624759333487,0.5543122502529838,0.4496041877932989,0.2559467174119886,0.23048562553272908,0.28318536671900646,800,0.41125,0.37765563299001853,0.4456926175364891,0.4037330493280487,0.33625,0.3043646617003492,0.3697004202570097,0.7509293680297398,0.4756554307116105,0.8844621513944223,0.0,0.4043767840152236,0.14843006660323502,0.44719314938154137,0.0,0.44719314938154137,notumor
2026-08-sweep-a,9eb9550dca47eb4f44103eb07bcb8c463a61bdb9,E001,ResNet18,44,val,intact,944ce00e4be958f3688a0996f6fb928fc7717e7c2804abb8000f28976efe0d43,edb79337791d31a059cb878192fe8bedb743e55f6a78c0406d35d9d09a4f84bc,1053,0.9658119658119658,0.9530333860433979,0.9752042335279199,0.9660185291296892,0.25546058879392214,0.23004089812716622,0.2826580069908474,801,0.9725343320848939,0.9587646964626108,0.9817932130531409,0.9737958607639597,0.3358302122347066,0.3039762337441446,0.3692513353408716,0.9739776951672863,0.9625468164794008,0.9444444444444444,0.9811320754716981,0.25451092117758783,0.26590693257359926,0.22792022792022792,0.251661918328585,0.26590693257359926,meningioma
2026-08-sweep-a,9eb9550dca47eb4f44103eb07bcb8c463a61bdb9,E001,ResNet18,44,val,skull_outline,944ce00e4be958f3688a0996f6fb928fc7717e7c2804abb8000f28976efe0d43,edb79337791d31a059cb878192fe8bedb743e55f6a78c0406d35d9d09a4f84bc,1053,0.5726495726495726,0.5425593842798633,0.6022116206074064,0.49312495857620753,0.25546058879392214,0.23004089812716622,0.2826580069908474,801,0.4781523096129838,0.44374619345184174,0.5127669811412212,0.4661821869190468,0.3358302122347066,0.3039762337441446,0.3692513353408716,0.7955390334572491,0.6329588014981273,0.873015873015873,0.0,0.3295346628679962,0.23171889838556506,0.43874643874643876,0.0,0.43874643874643876,notumor
2026-08-sweep-a,9eb9550dca47eb4f44103eb07bcb8c463a61bdb9,E001,ResNet18,44,test,intact,944ce00e4be958f3688a0996f6fb928fc7717e7c2804abb8000f28976efe0d43,edb79337791d31a059cb878192fe8bedb743e55f6a78c0406d35d9d09a4f84bc,1051,0.9714557564224549,0.9595441645606398,0.9799335092766509,0.9714697976994604,0.2559467174119886,0.23048562553272908,0.28318536671900646,800,0.97875,0.9662333503869127,0.9866908756461525,0.9818726970188356,0.33625,0.3043646617003492,0.3697004202570097,0.9702602230483272,0.9737827715355806,0.9482071713147411,0.9924242424242424,0.25404376784015226,0.26450999048525214,0.23120837297811608,0.25023786869647957,0.26450999048525214,meningioma
2026-08-sweep-a,9eb9550dca47eb4f44103eb07bcb8c463a61bdb9,E001,ResNet18,44,test,skull_outline,944ce00e4be958f3688a0996f6fb928fc7717e7c2804abb8000f28976efe0d43,edb79337791d31a059cb878192fe8bedb743e55f6a78c0406d35d9d09a4f84bc,1051,0.5689819219790676,0.5388447748836641,0.5986166405617518,0.49049150241321327,0.2559467174119886,0.23048562553272908,0.28318536671900646,800,0.4675,0.4331633508519976,0.5021472761013716,0.45510574693375805,0.33625,0.3043646617003492,0.3697004202570097,0.7546468401486989,0.6404494382022472,0.8924302788844621,0.0,0.34157944814462415,0.22074215033301617,0.43767840152235965,0.0,0.43767840152235965,notumor
2026-08-sweep-a,9eb9550dca47eb4f44103eb07bcb8c463a61bdb9,E001,ResNet18,45,val,intact,944ce00e4be958f3688a0996f6fb928fc7717e7c2804abb8000f28976efe0d43,4ada5433daf9096bd3155be969adde4f264554ec101fa04c81d86faee937a43d,1053,0.9724596391263058,0.960727465748536,0.9807571738778263,0.9723972226026636,0.25546058879392214,0.23004089812716622,0.2826580069908474,801,0.9812734082397003,0.9693335148719365,0.9886191248065898,0.9831261403573933,0.3358302122347066,0.3039762337441446,0.3692513353408716,0.9739776951672863,0.9737827715355806,0.9444444444444444,0.9962264150943396,0.251661918328585,0.2630579297245964,0.2288698955365622,0.2564102564102564,0.2630579297245964,meningioma
2026-08-sweep-a,9eb9550dca47eb4f44103eb07bcb8c463a61bdb9,E001,ResNet18,45,val,skull_outline,944ce00e4be958f3688a0996f6fb928fc7717e7c2804abb8000f28976efe0d43,4ada5433daf9096bd3155be969adde4f264554ec101fa04c81d86faee937a43d,1053,0.6191832858499525,0.5894709319612799,0.6480292133112999,0.5579022388232914,0.25546058879392214,0.23004089812716622,0.2826580069908474,801,0.5642946317103621,0.5297299343930433,0.5982455803759428,0.5242223790555404,0.3358302122347066,0.3039762337441446,0.3692513353408716,0.8141263940520446,0.7940074906367042,0.7936507936507936,0.07924528301886792,0.3684710351377018,0.3238366571699905,0.28774928774928776,0.019943019943019943,0.3684710351377018,glioma
2026-08-sweep-a,9eb9550dca47eb4f44103eb07bcb8c463a61bdb9,E001,ResNet18,45,test,intact,944ce00e4be958f3688a0996f6fb928fc7717e7c2804abb8000f28976efe0d43,4ada5433daf9096bd3155be969adde4f264554ec101fa04c81d86faee937a43d,1051,0.972407231208373,0.9606532657288037,0.9807204276318721,0.9723142220762209,0.2559467174119886,0.23048562553272908,0.28318536671900646,800,0.98375,0.972397248033771,0.9904791892372375,0.9856178383579461,0.33625,0.3043646617003492,0.3697004202570097,0.966542750929368,0.9887640449438202,0.9362549800796812,0.9962121212121212,0.2521408182683159,0.269267364414843,0.22645099904852523,0.2521408182683159,0.269267364414843,meningioma
2026-08-sweep-a,9eb9550dca47eb4f44103eb07bcb8c463a61bdb9,E001,ResNet18,45,test,skull_outline,944ce00e4be958f3688a0996f6fb928fc7717e7c2804abb8000f28976efe0d43,4ada5433daf9096bd3155be969adde4f264554ec101fa04c81d86faee937a43d,1051,0.6013320647002854,0.5714134673473196,0.630512611893188,0.5382789292852611,0.2559467174119886,0.23048562553272908,0.28318536671900646,800,0.54375,0.5091081534905834,0.5779736948414199,0.5035136601469467,0.33625,0.3043646617003492,0.3697004202570097,0.7955390334572491,0.7640449438202247,0.7848605577689243,0.06439393939393939,0.3786869647954329,0.3111322549952426,0.2940057088487155,0.016175071360608945,0.3786869647954329,glioma
2026-08-sweep-a,9eb9550dca47eb4f44103eb07bcb8c463a61bdb9,E001,ResNet18,46,val,intact,944ce00e4be958f3688a0996f6fb928fc7717e7c2804abb8000f28976efe0d43,402910a2b6fdb0e5f41f1728ad4587a569236d38b8c28203bae9472b9748dbc6,1053,0.9610636277302944,0.9476052920585545,0.9711701703305888,0.9610346242875366,0.25546058879392214,0.23004089812716622,0.2826580069908474,801,0.9612983770287141,0.9455903636082936,0.9726028928410333,0.9697868667126315,0.3358302122347066,0.3039762337441446,0.3692513353408716,0.9591078066914498,0.947565543071161,0.9603174603174603,0.9773584905660377,0.251661918328585,0.25546058879392214,0.24311490978157646,0.24976258309591642,0.25546058879392214,meningioma
2026-08-sweep-a,9eb9550dca47eb4f44103eb07bcb8c463a61bdb9,E001,ResNet18,46,val,skull_outline,944ce00e4be958f3688a0996f6fb928fc7717e7c2804abb8000f28976efe0d43,402910a2b6fdb0e5f41f1728ad4587a569236d38b8c28203bae9472b9748dbc6,1053,0.42924976258309594,0.39966427949118033,0.4593495784944198,0.37146092690743254,0.25546058879392214,0.23004089812716622,0.2826580069908474,801,0.2534332084893883,0.2245360157184472,0.28468409754612095,0.3407906558849955,0.3358302122347066,0.3039762337441446,0.3692513353408716,0.241635687732342,0.5168539325842697,0.9880952380952381,0.0,0.07692307692307693,0.15194681861348527,0.7711301044634378,0.0,0.7711301044634378,notumor
2026-08-sweep-a,9eb9550dca47eb4f44103eb07bcb8c463a61bdb9,E001,ResNet18,46,test,intact,944ce00e4be958f3688a0996f6fb928fc7717e7c2804abb8000f28976efe0d43,402910a2b6fdb0e5f41f1728ad4587a569236d38b8c28203bae9472b9748dbc6,1051,0.9647954329210275,0.9518529874413942,0.9743525497322011,0.9650036132349487,0.2559467174119886,0.23048562553272908,0.28318536671900646,800,0.965,0.949880357061318,0.9756752880674032,0.9699718495208294,0.33625,0.3043646617003492,0.3697004202570097,0.9516728624535316,0.9662921348314607,0.9641434262948207,0.9772727272727273,0.2521408182683159,0.263558515699334,0.23786869647954328,0.24643196955280686,0.263558515699334,meningioma
2026-08-sweep-a,9eb9550dca47eb4f44103eb07bcb8c463a61bdb9,E001,ResNet18,46,test,skull_outline,944ce00e4be958f3688a0996f6fb928fc7717e7c2804abb8000f28976efe0d43,402910a2b6fdb0e5f41f1728ad4587a569236d38b8c28203bae9472b9748dbc6,1051,0.43101807802093245,0.4013833594382482,0.4611552251163359,0.37470771043207124,0.2559467174119886,0.23048562553272908,0.28318536671900646,800,0.25875,0.2296058714124157,0.290199936356823,0.34457457316212786,0.33625,0.3043646617003492,0.3697004202570097,0.2788104089219331,0.4943820224719101,0.9800796812749004,0.0,0.09990485252140818,0.14747859181731685,0.7526165556612749,0.0,0.7526165556612749,notumor
2026-08-sweep-a,9eb9550dca47eb4f44103eb07bcb8c463a61bdb9,E002,EfficientNet-B0,42,val,intact,944ce00e4be958f3688a0996f6fb928fc7717e7c2804abb8000f28976efe0d43,eec399d181eecad8b90f6d84d9f04893ae3ffad06a1d60d007be87a4fa4c454e,1053,0.9819563152896487,0.9719903679526769,0.9884185860380343,0.9820326108579951,0.25546058879392214,0.23004089812716622,0.2826580069908474,801,0.9812734082397003,0.9693335148719365,0.9886191248065898,0.9837853338588097,0.3358302122347066,0.3039762337441446,0.3692513353408716,0.9739776951672863,0.9850187265917603,0.9841269841269841,0.9849056603773585,0.24976258309591642,0.26020892687559355,0.23931623931623933,0.25071225071225073,0.26020892687559355,meningioma
2026-08-sweep-a,9eb9550dca47eb4f44103eb07bcb8c463a61bdb9,E002,EfficientNet-B0,42,val,skull_outline,944ce00e4be958f3688a0996f6fb928fc7717e7c2804abb8000f28976efe0d43,eec399d181eecad8b90f6d84d9f04893ae3ffad06a1d60d007be87a4fa4c454e,1053,0.2716049382716049,0.2456061796797062,0.2992640598577007,0.1580706854179523,0.25546058879392214,0.23004089812716622,0.2826580069908474,801,0.04244694132334582,0.03053236247089835,0.05872926543524964,0.07571268237934904,0.3358302122347066,0.3039762337441446,0.3692513353408716,0.026022304832713755,0.10112359550561797,1.0,0.0,0.026590693257359924,0.03133903133903134,0.9420702754036088,0.0,0.9420702754036088,notumor
2026-08-sweep-a,9eb9550dca47eb4f44103eb07bcb8c463a61bdb9,E002,EfficientNet-B0,42,test,intact,944ce00e4be958f3688a0996f6fb928fc7717e7c2804abb8000f28976efe0d43,eec399d181eecad8b90f6d84d9f04893ae3ffad06a1d60d007be87a4fa4c454e,1051,0.9743101807802094,0.9628805035070361,0.9822852289004097,0.9743830498020529,0.2559467174119886,0.23048562553272908,0.28318536671900646,800,0.97875,0.9662333503869127,0.9866908756461525,0.9806609628424016,0.33625,0.3043646617003492,0.3697004202570097,0.966542750929368,0.9812734082397003,0.9601593625498008,0.9886363636363636,0.25404376784015226,0.2626070409134158,0.23215984776403426,0.25118934348239774,0.2626070409134158,meningioma
2026-08-sweep-a,9eb9550dca47eb4f44103eb07bcb8c463a61bdb9,E002,EfficientNet-B0,42,test,skull_outline,944ce00e4be958f3688a0996f6fb928fc7717e7c2804abb8000f28976efe0d43,eec399d181eecad8b90f6d84d9f04893ae3ffad06a1d60d007be87a4fa4c454e,1051,0.27117031398667935,0.24516269442183417,0.29884461020406206,0.1581783575088403,0.2559467174119886,0.23048562553272908,0.28318536671900646,800,0.0425,0.03057072542368845,0.05880194630450512,0.07595824011931394,0.33625,0.3043646617003492,0.3697004202570097,0.026022304832713755,0.10112359550561797,1.0,0.0,0.029495718363463368,0.029495718363463368,0.9410085632730733,0.0,0.9410085632730733,notumor
2026-08-sweep-a,9eb9550dca47eb4f44103eb07bcb8c463a61bdb9,E002,EfficientNet-B0,43,val,intact,944ce00e4be958f3688a0996f6fb928fc7717e7c2804abb8000f28976efe0d43,62906d51c9cdffa28ebc2a7f0d08036f05462207970189010ebd5d7cdb0a24ef,1053,0.97340930674264,0.9618374377935152,0.9815396332692817,0.9735613134908818,0.25546058879392214,0.23004089812716622,0.2826580069908474,801,0.9750312109862672,0.961748496188048,0.9837793362313536,0.9769109268072014,0.3358302122347066,0.3039762337441446,0.3692513353408716,0.966542750929368,0.9737827715355806,0.9682539682539683,0.9849056603773585,0.24976258309591642,0.2621082621082621,0.2345679012345679,0.2535612535612536,0.2621082621082621,meningioma
2026-08-sweep-a,9eb9550dca47eb4f44103eb07bcb8c463a61bdb9,E002,EfficientNet-B0,43,val,skull_outline,944ce00e4be958f3688a0996f6fb928fc7717e7c2804abb8000f28976efe0d43,62906d51c9cdffa28ebc2a7f0d08036f05462207970189010ebd5d7cdb0a24ef,1053,0.34472934472934474,0.31663368422051613,0.37395377592237805,0.2646857290758501,0.25546058879392214,0.23004089812716622,0.2826580069908474,801,0.14357053682896379,0.1209866689872359,0.16955683651673473,0.2101945994614751,0.3358302122347066,0.3039762337441446,0.3692513353408716,0.08178438661710037,0.34831460674157305,0.9841269841269841,0.0,0.0389363722697056,0.1111111111111111,0.8499525166191833,0.0,0.8499525166191833,notumor
2026-08-sweep-a,9eb9550dca47eb4f44103eb07bcb8c463a61bdb9,E002,EfficientNet-B0,43,test,intact,944ce00e4be958f3688a0996f6fb928fc7717e7c2804abb8000f28976efe0d43,62906d51c9cdffa28ebc2a7f0d08036f05462207970189010ebd5d7cdb0a24ef,1051,0.9647954329210275,0.9518529874413942,0.9743525497322011,0.9648847091660329,0.2559467174119886,0.23048562553272908,0.28318536671900646,800,0.9725,0.9587135934055472,0.981770368580089,0.9743365414222755,0.33625,0.3043646617003492,0.3697004202570097,0.966542750929368,0.9550561797752809,0.9402390438247012,0.9962121212121212,0.2654614652711703,0.2521408182683159,0.2274024738344434,0.25499524262607043,0.2654614652711703,glioma
2026-08-sweep-a,9eb9550dca47eb4f44103eb07bcb8c463a61bdb9,E002,EfficientNet-B0,43,test,skull_outline,944ce00e4be958f3688a0996f6fb928fc7717e7c2804abb8000f28976efe0d43,62906d51c9cdffa28ebc2a7f0d08036f05462207970189010ebd5d7cdb0a24ef,1051,0.3520456707897241,0.32375730784084084,0.38141165627278445,0.2729215515499184,0.2559467174119886,0.23048562553272908,0.28318536671900646,800,0.1575,0.13390174965541302,0.1843717805454751,0.22129186602870812,0.33625,0.3043646617003492,0.3697004202570097,0.06691449814126393,0.4044943820224719,0.9721115537848606,0.0,0.0390104662226451,0.12369172216936251,0.8372978116079924,0.0,0.8372978116079924,notumor
2026-08-sweep-a,9eb9550dca47eb4f44103eb07bcb8c463a61bdb9,E002,EfficientNet-B0,44,val,intact,944ce00e4be958f3688a0996f6fb928fc7717e7c2804abb8000f28976efe0d43,1d83492aeebf3c5cb3a05edc6cebe023318d1edb9d31665a013ad7d8a7b25ceb,1053,0.9772079772079773,0.9663100965617569,0.9846367002467799,0.9773779170652126,0.25546058879392214,0.23004089812716622,0.2826580069908474,801,0.978776529338327,0.9662751738996654,0.9867075428752109,0.9794613183338948,0.3358302122347066,0.3039762337441446,0.3692513353408716,0.9702602230483272,0.9812734082397003,0.9722222222222222,0.9849056603773585,0.2535612535612536,0.2611585944919278,0.2336182336182336,0.251661918328585,0.2611585944919278,meningioma
2026-08-sweep-a,9eb9550dca47eb4f44103eb07bcb8c463a61bdb9,E002,EfficientNet-B0,44,val,skull_outline,944ce00e4be958f3688a0996f6fb928fc7717e7c2804abb8000f28976efe0d43,1d83492aeebf3c5cb3a05edc6cebe023318d1edb9d31665a013ad7d8a7b25ceb,1053,0.3067426400759734,0.27963413549792754,0.33525606718757067,0.20237980904371944,0.25546058879392214,0.23004089812716622,0.2826580069908474,801,0.08863920099875156,0.07086877556224337,0.11033642606142853,0.13030486167069566,0.3358302122347066,0.3039762337441446,0.3692513353408716,0.0037174721189591076,0.26217228464419473,1.0,0.0,0.002849002849002849,0.09306742640075974,0.9040835707502374,0.0,0.9040835707502374,notumor
2026-08-sweep-a,9eb9550dca47eb4f44103eb07bcb8c463a61bdb9,E002,EfficientNet-B0,44,test,intact,944ce00e4be958f3688a0996f6fb928fc7717e7c2804abb8000f28976efe0d43,1d83492aeebf3c5cb3a05edc6cebe023318d1edb9d31665a013ad7d8a7b25ceb,1051,0.9628924833491912,0.9496757870237219,0.9727377111031034,0.9632321634201334,0.2559467174119886,0.23048562553272908,0.28318536671900646,800,0.97,0.9557493400525049,0.9797585163141597,0.9719466574719656,0.33625,0.3043646617003492,0.3697004202570097,0.9479553903345725,0.9775280898876404,0.9402390438247012,0.9848484848484849,0.25023786869647957,0.27402473834443386,0.2274024738344434,0.2483349191246432,0.27402473834443386,meningioma
2026-08-sweep-a,9eb9550dca47eb4f44103eb07bcb8c463a61bdb9,E002,EfficientNet-B0,44,test,skull_outline,944ce00e4be958f3688a0996f6fb928fc7717e7c2804abb8000f28976efe0d43,1d83492aeebf3c5cb3a05edc6cebe023318d1edb9d31665a013ad7d8a7b25ceb,1051,0.3073263558515699,0.28017601010915505,0.3358800364053729,0.2070102839977317,0.2559467174119886,0.23048562553272908,0.28318536671900646,800,0.095,0.07657347470808379,0.11729741501851382,0.13967453311715608,0.33625,0.3043646617003492,0.3697004202570097,0.007434944237918215,0.27715355805243447,0.9840637450199203,0.0,0.003805899143672693,0.09800190294957184,0.8981921979067554,0.0,0.8981921979067554,notumor
2026-08-sweep-a,9eb9550dca47eb4f44103eb07bcb8c463a61bdb9,E002,EfficientNet-B0,45,val,intact,944ce00e4be958f3688a0996f6fb928fc7717e7c2804abb8000f28976efe0d43,96664edbfc80c25362d7fae61c4853273d893c4bd563221b12274c83845dc19e,1053,0.9724596391263058,0.960727465748536,0.9807571738778263,0.9726598579966116,0.25546058879392214,0.23004089812716622,0.2826580069908474,801,0.9762796504369539,0.9632500994995503,0.9847626943716763,0.9781917197197844,0.3358302122347066,0.3039762337441446,0.3692513353408716,0.9739776951672863,0.9737827715355806,0.9603174603174603,0.9811320754716981,0.2526115859449193,0.26590693257359926,0.23266856600189934,0.24881291547958215,0.26590693257359926,meningioma
2026-08-sweep-a,9eb9550dca47eb4f44103eb07bcb8c463a61bdb9,E002,EfficientNet-B0,45,val,skull_outline,944ce00e4be958f3688a0996f6fb928fc7717e7c2804abb8000f28976efe0d43,96664edbfc80c25362d7fae61c4853273d893c4bd563221b12274c83845dc19e,1053,0.2716049382716049,0.2456061796797062,0.2992640598577007,0.15738544247065894,0.25546058879392214,0.23004089812716622,0.2826580069908474,801,0.04244694132334582,0.03053236247089835,0.05872926543524964,0.07640801913747375,0.3358302122347066,0.3039762337441446,0.3692513353408716,0.026022304832713755,0.10112359550561797,1.0,0.0,0.011396011396011397,0.032288698955365625,0.956315289648623,0.0,0.956315289648623,notumor
2026-08-sweep-a,9eb9550dca47eb4f44103eb07bcb8c463a61bdb9,E002,EfficientNet-B0,45,test,intact,944ce00e4be958f3688a0996f6fb928fc7717e7c2804abb8000f28976efe0d43,96664edbfc80c25362d7fae61c4853273d893c4bd563221b12274c83845dc19e,1051,0.9657469077069457,0.9529447004485991,0.9751568562483812,0.966102354147641,0.2559467174119886,0.23048562553272908,0.28318536671900646,800,0.97,0.9557493400525049,0.9797585163141597,0.9725518925518926,0.33625,0.3043646617003492,0.3697004202570097,0.9405204460966543,0.9850187265917603,0.952191235059761,0.9848484848484849,0.2445290199809705,0.2759276879162702,0.23120837297811608,0.2483349191246432,0.2759276879162702,meningioma
2026-08-sweep-a,9eb9550dca47eb4f44103eb07bcb8c463a61bdb9,E002,EfficientNet-B0,45,test,skull_outline,944ce00e4be958f3688a0996f6fb928fc7717e7c2804abb8000f28976efe0d43,96664edbfc80c25362d7fae61c4853273d893c4bd563221b12274c83845dc19e,1051,0.2721217887725975,0.24608134831815554,0.2998219758311257,0.16056782500421068,0.2559467174119886,0.23048562553272908,0.28318536671900646,800,0.045,0.032679556110122895,0.0616692212370423,0.08108066119811086,0.33625,0.3043646617003492,0.3697004202570097,0.026022304832713755,0.10861423220973783,0.9960159362549801,0.0,0.01807802093244529,0.030447193149381543,0.9514747859181731,0.0,0.9514747859181731,notumor
2026-08-sweep-a,9eb9550dca47eb4f44103eb07bcb8c463a61bdb9,E002,EfficientNet-B0,46,val,intact,944ce00e4be958f3688a0996f6fb928fc7717e7c2804abb8000f28976efe0d43,2e6a8398ffb8c74d96a02a8e56bc7611a361d0fde9bd554a9707283b466cf4ba,1053,0.98005698005698,0.9697045494001453,0.9869195417176961,0.980151546156277,0.25546058879392214,0.23004089812716622,0.2826580069908474,801,0.9812734082397003,0.9693335148719365,0.9886191248065898,0.9825397821551144,0.3358302122347066,0.3039762337441446,0.3692513353408716,0.9739776951672863,0.9812734082397003,0.9761904761904762,0.9886792452830189,0.251661918328585,0.25925925925925924,0.2355175688509022,0.2535612535612536,0.25925925925925924,meningioma
2026-08-sweep-a,9eb9550dca47eb4f44103eb07bcb8c463a61bdb9,E002,EfficientNet-B0,46,val,skull_outline,944ce00e4be958f3688a0996f6fb928fc7717e7c2804abb8000f28976efe0d43,2e6a8398ffb8c74d96a02a8e56bc7611a361d0fde9bd554a9707283b466cf4ba,1053,0.28300094966761635,0.25662034279923124,0.3109590739753945,0.1735109054233897,0.25546058879392214,0.23004089812716622,0.2826580069908474,801,0.05742821473158552,0.043328787966836105,0.07575237736121154,0.0962996423865989,0.3358302122347066,0.3039762337441446,0.3692513353408716,0.011152416356877323,0.16104868913857678,1.0,0.0,0.005698005698005698,0.052231718898385564,0.9420702754036088,0.0,0.9420702754036088,notumor
2026-08-sweep-a,9eb9550dca47eb4f44103eb07bcb8c463a61bdb9,E002,EfficientNet-B0,46,test,intact,944ce00e4be958f3688a0996f6fb928fc7717e7c2804abb8000f28976efe0d43,2e6a8398ffb8c74d96a02a8e56bc7611a361d0fde9bd554a9707283b466cf4ba,1051,0.9676498572787822,0.9551347657753798,0.9767588299683708,0.9678447182956716,0.2559467174119886,0.23048562553272908,0.28318536671900646,800,0.975,0.9617010785457061,0.9837589890589018,0.9775096802201418,0.33625,0.3043646617003492,0.3697004202570097,0.9479553903345725,0.9850187265917603,0.9442231075697212,0.9924242424242424,0.24643196955280686,0.27402473834443386,0.22930542340627974,0.25023786869647957,0.27402473834443386,meningioma
2026-08-sweep-a,9eb9550dca47eb4f44103eb07bcb8c463a61bdb9,E002,EfficientNet-B0,46,test,skull_outline,944ce00e4be958f3688a0996f6fb928fc7717e7c2804abb8000f28976efe0d43,2e6a8398ffb8c74d96a02a8e56bc7611a361d0fde9bd554a9707283b466cf4ba,1051,0.29305423406279735,0.266329887228872,0.3212858664348803,0.19034978906996558,0.2559467174119886,0.23048562553272908,0.28318536671900646,800,0.07125,0.055398305362103356,0.09119958098426384,0.11841676298864882,0.33625,0.3043646617003492,0.3697004202570097,0.01858736059479554,0.1947565543071161,1.0,0.0,0.006660323501427212,0.056137012369172214,0.9372026641294006,0.0,0.9372026641294006,notumor
2026-08-sweep-a,9eb9550dca47eb4f44103eb07bcb8c463a61bdb9,E003,ViT-B/16,42,val,intact,944ce00e4be958f3688a0996f6fb928fc7717e7c2804abb8000f28976efe0d43,bca986aeabad5a35d5a57a18879fe7e9dba1844889d865dff42282f35fd24254,1053,0.9629629629629629,0.9497706114470509,0.9727897138149623,0.9629611799973506,0.25546058879392214,0.23004089812716622,0.2826580069908474,801,0.9700374531835206,0.9558040983473255,0.9797838882647762,0.9725159466011003,0.3358302122347066,0.3039762337441446,0.3692513353408716,0.9405204460966543,0.9812734082397003,0.9404761904761905,0.9886792452830189,0.24311490978157646,0.2668566001899335,0.2288698955365622,0.2611585944919278,0.2668566001899335,meningioma
2026-08-sweep-a,9eb9550dca47eb4f44103eb07bcb8c463a61bdb9,E003,ViT-B/16,42,val,skull_outline,944ce00e4be958f3688a0996f6fb928fc7717e7c2804abb8000f28976efe0d43,bca986aeabad5a35d5a57a18879fe7e9dba1844889d865dff42282f35fd24254,1053,0.2858499525166192,0.25937724463456774,0.31387946644936277,0.20259972550410874,0.25546058879392214,0.23004089812716622,0.2826580069908474,801,0.08364544319600499,0.06640276605268364,0.10486258976368837,0.14609318996415768,0.3358302122347066,0.3039762337441446,0.3692513353408716,0.10408921933085502,0.14606741573033707,0.9285714285714286,0.0,0.030389363722697058,0.05698005698005698,0.912630579297246,0.0,0.912630579297246,notumor
2026-08-sweep-a,9eb9550dca47eb4f44103eb07bcb8c463a61bdb9,E003,ViT-B/16,42,test,intact,944ce00e4be958f3688a0996f6fb928fc7717e7c2804abb8000f28976efe0d43,bca986aeabad5a35d5a57a18879fe7e9dba1844889d865dff42282f35fd24254,1051,0.9533777354900095,0.938897136683547,0.9645561662094277,0.9536706659717851,0.2559467174119886,0.23048562553272908,0.28318536671900646,800,0.96125,0.9455230062364465,0.9725684804638176,0.9630984469259403,0.33625,0.3043646617003492,0.3697004202570097,0.9368029739776952,0.9625468164794008,0.9282868525896414,0.9848484848484849,0.24643196955280686,0.2721217887725975,0.22454804947668885,0.25689819219790677,0.2721217887725975,meningioma
2026-08-sweep-a,9eb9550dca47eb4f44103eb07bcb8c463a61bdb9,E003,ViT-B/16,42,test,skull_outline,944ce00e4be958f3688a0996f6fb928fc7717e7c2804abb8000f28976efe0d43,bca986aeabad5a35d5a57a18879fe7e9dba1844889d865dff42282f35fd24254,1051,0.2949571836346337,0.2681741921083336,0.32323360060218886,0.2097833420380434,0.2559467174119886,0.23048562553272908,0.28318536671900646,800,0.08625,0.0687198954927655,0.10773462456743144,0.14978777589134126,0.33625,0.3043646617003492,0.3697004202570097,0.12267657992565056,0.1348314606741573,0.9601593625498008,0.0,0.03425309229305423,0.049476688867745006,0.9162702188392008,0.0,0.9162702188392008,notumor
2026-08-sweep-a,9eb9550dca47eb4f44103eb07bcb8c463a61bdb9,E003,ViT-B/16,43,val,intact,944ce00e4be958f3688a0996f6fb928fc7717e7c2804abb8000f28976efe0d43,6f77aeb620239a3a30fff0bff81d4066551d5dee9913dd755aba620568549bdf,1053,0.9601139601139601,0.9465253866988482,0.9703576442538603,0.9601783534590401,0.25546058879392214,0.23004089812716622,0.2826580069908474,801,0.9662921348314607,0.9514010198462153,0.9767320824104115,0.9693763212297287,0.3358302122347066,0.3039762337441446,0.3692513353408716,0.9628252788104089,0.9550561797752809,0.9404761904761905,0.9811320754716981,0.26020892687559355,0.2573599240265907,0.22981956315289648,0.2526115859449193,0.26020892687559355,glioma
2026-08-sweep-a,9eb9550dca47eb4f44103eb07bcb8c463a61bdb9,E003,ViT-B/16,43,val,skull_outline,944ce00e4be958f3688a0996f6fb928fc7717e7c2804abb8000f28976efe0d43,6f77aeb620239a3a30fff0bff81d4066551d5dee9913dd755aba620568549bdf,1053,0.3570750237416904,0.32870282243231486,0.386486246384233,0.279739506961333,0.25546058879392214,0.23004089812716622,0.2826580069908474,801,0.1735330836454432,0.14888137290529968,0.20130120744247026,0.23783842854410842,0.3358302122347066,0.3039762337441446,0.3692513353408716,0.08178438661710037,0.43820224719101125,0.9404761904761905,0.0,0.024691358024691357,0.15384615384615385,0.8214624881291548,0.0,0.8214624881291548,notumor
2026-08-sweep-a,9eb9550dca47eb4f44103eb07bcb8c463a61bdb9,E003,ViT-B/16,43,test,intact,944ce00e4be958f3688a0996f6fb928fc7717e7c2804abb8000f28976efe0d43,6f77aeb620239a3a30fff0bff81d4066551d5dee9913dd755aba620568549bdf,1051,0.956232159847764,0.9421137379919683,0.9670276234711616,0.9564624103224699,0.2559467174119886,0.23048562553272908,0.28318536671900646,800,0.96625,0.9513408281001033,0.9767028698381041,0.9675987130462801,0.33625,0.3043646617003492,0.3697004202570097,0.9628252788104089,0.9588014981273408,0.9243027888446215,0.9772727272727273,0.26450999048525214,0.263558515699334,0.2226450999048525,0.24928639391056137,0.26450999048525214,glioma
2026-08-sweep-a,9eb9550dca47eb4f44103eb07bcb8c463a61bdb9,E003,ViT-B/16,43,test,skull_outline,944ce00e4be958f3688a0996f6fb928fc7717e7c2804abb8000f28976efe0d43,6f77aeb620239a3a30fff0bff81d4066551d5dee9913dd755aba620568549bdf,1051,0.346336822074215,0.318177820846163,0.3756150261271519,0.2676205034541923,0.2559467174119886,0.23048562553272908,0.28318536671900646,800,0.15875,0.13506536278657047,0.18569622022380347,0.2217402342240913,0.33625,0.3043646617003492,0.3697004202570097,0.07806691449814127,0.3970037453183521,0.9442231075697212,0.0,0.028544243577545196,0.14367269267364416,0.8277830637488106,0.0,0.8277830637488106,notumor
2026-08-sweep-a,9eb9550dca47eb4f44103eb07bcb8c463a61bdb9,E003,ViT-B/16,44,val,intact,944ce00e4be958f3688a0996f6fb928fc7717e7c2804abb8000f28976efe0d43,22fc6eeb555b797890912acd193dac7ed9ed79a775e3821413c7f75cd21a805f,1053,0.9686609686609686,0.9563158086511474,0.977599105229475,0.9686034051489485,0.25546058879392214,0.23004089812716622,0.2826580069908474,801,0.9712858926342073,0.957281676449429,0.9807912716144978,0.9761804494211356,0.3358302122347066,0.3039762337441446,0.3692513353408716,0.9591078066914498,0.9625468164794008,0.9603174603174603,0.9924528301886792,0.24786324786324787,0.2564102564102564,0.23741690408357075,0.258309591642925,0.258309591642925,pituitary
2026-08-sweep-a,9eb9550dca47eb4f44103eb07bcb8c463a61bdb9,E003,ViT-B/16,44,val,skull_outline,944ce00e4be958f3688a0996f6fb928fc7717e7c2804abb8000f28976efe0d43,22fc6eeb555b797890912acd193dac7ed9ed79a775e3821413c7f75cd21a805f,1053,0.3181386514719848,0.2907117601687504,0.3468876197539666,0.24118214939727206,0.25546058879392214,0.23004089812716622,0.2826580069908474,801,0.1111111111111111,0.09117627859809418,0.1347582291584272,0.18642771425933988,0.3358302122347066,0.3039762337441446,0.3692513353408716,0.17843866171003717,0.15355805243445692,0.9761904761904762,0.0,0.050332383665717,0.050332383665717,0.899335232668566,0.0,0.899335232668566,notumor
2026-08-sweep-a,9eb9550dca47eb4f44103eb07bcb8c463a61bdb9,E003,ViT-B/16,44,test,intact,944ce00e4be958f3688a0996f6fb928fc7717e7c2804abb8000f28976efe0d43,22fc6eeb555b797890912acd193dac7ed9ed79a775e3821413c7f75cd21a805f,1051,0.9590865842055185,0.9453442805296505,0.9694851395036345,0.9588444311684694,0.2559467174119886,0.23048562553272908,0.28318536671900646,800,0.96625,0.9513408281001033,0.9767028698381041,0.9722863528191114,0.33625,0.3043646617003492,0.3697004202570097,0.9479553903345725,0.9550561797752809,0.9362549800796812,0.9962121212121212,0.24928639391056137,0.25499524262607043,0.23311132254995243,0.2626070409134158,0.2626070409134158,pituitary
2026-08-sweep-a,9eb9550dca47eb4f44103eb07bcb8c463a61bdb9,E003,ViT-B/16,44,test,skull_outline,944ce00e4be958f3688a0996f6fb928fc7717e7c2804abb8000f28976efe0d43,22fc6eeb555b797890912acd193dac7ed9ed79a775e3821413c7f75cd21a805f,1051,0.3225499524262607,0.2949795228467603,0.3514128360419285,0.24298542964539788,0.2559467174119886,0.23048562553272908,0.28318536671900646,800,0.1125,0.09242990452594131,0.13627372453345765,0.18505410892117843,0.33625,0.3043646617003492,0.3697004202570097,0.1970260223048327,0.13857677902621723,0.9920318725099602,0.0,0.05994291151284491,0.046622264509990484,0.8934348239771646,0.0,0.8934348239771646,notumor
2026-08-sweep-a,9eb9550dca47eb4f44103eb07bcb8c463a61bdb9,E003,ViT-B/16,45,val,intact,944ce00e4be958f3688a0996f6fb928fc7717e7c2804abb8000f28976efe0d43,f65ec2aa24723b00651f7337683d434b5dd03965ebc6912164adb932fe5431ca,1053,0.9601139601139601,0.9465253866988482,0.9703576442538603,0.9603312793529188,0.25546058879392214,0.23004089812716622,0.2826580069908474,801,0.9637952559300874,0.9484878107080111,0.9746753686449657,0.965663324530856,0.3358302122347066,0.3039762337441446,0.3692513353408716,0.9516728624535316,0.9550561797752809,0.9484126984126984,0.9849056603773585,0.2564102564102564,0.25925925925925924,0.22981956315289648,0.25451092117758783,0.25925925925925924,meningioma
2026-08-sweep-a,9eb9550dca47eb4f44103eb07bcb8c463a61bdb9,E003,ViT-B/16,45,val,skull_outline,944ce00e4be958f3688a0996f6fb928fc7717e7c2804abb8000f28976efe0d43,f65ec2aa24723b00651f7337683d434b5dd03965ebc6912164adb932fe5431ca,1053,0.3124406457739791,0.28517050134634764,0.34107428995775996,0.22143891773621188,0.25546058879392214,0.23004089812716622,0.2826580069908474,801,0.1111111111111111,0.09117627859809418,0.1347582291584272,0.1647508080492128,0.3358302122347066,0.3039762337441446,0.3692513353408716,0.022304832713754646,0.31086142322097376,0.9523809523809523,0.0,0.008547008547008548,0.10731244064577398,0.8841405508072174,0.0,0.8841405508072174,notumor
2026-08-sweep-a,9eb9550dca47eb4f44103eb07bcb8c463a61bdb9,E003,ViT-B/16,45,test,intact,944ce00e4be958f3688a0996f6fb928fc7717e7c2804abb8000f28976efe0d43,f65ec2aa24723b00651f7337683d434b5dd03965ebc6912164adb932fe5431ca,1051,0.956232159847764,0.9421137379919683,0.9670276234711616,0.9564200495238833,0.2559467174119886,0.23048562553272908,0.28318536671900646,800,0.965,0.949880357061318,0.9756752880674032,0.9675105240556249,0.33625,0.3043646617003492,0.3697004202570097,0.9628252788104089,0.9550561797752809,0.9282868525896414,0.9772727272727273,0.26736441484300666,0.25784966698382494,0.22549952426260705,0.24928639391056137,0.26736441484300666,glioma
2026-08-sweep-a,9eb9550dca47eb4f44103eb07bcb8c463a61bdb9,E003,ViT-B/16,45,test,skull_outline,944ce00e4be958f3688a0996f6fb928fc7717e7c2804abb8000f28976efe0d43,f65ec2aa24723b00651f7337683d434b5dd03965ebc6912164adb932fe5431ca,1051,0.3111322549952426,0.2838736210498375,0.3397665035582307,0.2198431910434848,0.2559467174119886,0.23048562553272908,0.28318536671900646,800,0.1075,0.08788102147694288,0.13087039634451283,0.1616153643777953,0.33625,0.3043646617003492,0.3697004202570097,0.022304832713754646,0.299625468164794,0.9601593625498008,0.0,0.010466222645099905,0.09990485252140818,0.8896289248334919,0.0,0.8896289248334919,notumor
2026-08-sweep-a,9eb9550dca47eb4f44103eb07bcb8c463a61bdb9,E003,ViT-B/16,46,val,intact,944ce00e4be958f3688a0996f6fb928fc7717e7c2804abb8000f28976efe0d43,606d9ef9e91c005f25be53430403b742c73c8890d4b8954bd7585ab187ff5581,1053,0.9582146248812915,0.9443707822824128,0.9687273857974259,0.9585777851056063,0.25546058879392214,0.23004089812716622,0.2826580069908474,801,0.9650436953807741,0.9499423481275164,0.9757057926772854,0.9670570411101785,0.3358302122347066,0.3039762337441446,0.3692513353408716,0.9516728624535316,0.9812734082397003,0.9365079365079365,0.9622641509433962,0.24786324786324787,0.27730294396961064,0.22697056030389365,0.24786324786324787,0.27730294396961064,meningioma
2026-08-sweep-a,9eb9550dca47eb4f44103eb07bcb8c463a61bdb9,E003,ViT-B/16,46,val,skull_outline,944ce00e4be958f3688a0996f6fb928fc7717e7c2804abb8000f28976efe0d43,606d9ef9e91c005f25be53430403b742c73c8890d4b8954bd7585ab187ff5581,1053,0.37132003798670465,0.3426545727669143,0.400920967596157,0.29614997575071905,0.25546058879392214,0.23004089812716622,0.2826580069908474,801,0.21972534332084895,0.19242584059638965,0.24970031346890428,0.269270331083253,0.3358302122347066,0.3039762337441446,0.3692513353408716,0.10780669144981413,0.550561797752809,0.8531746031746031,0.0,0.03608736942070275,0.23171889838556506,0.7321937321937322,0.0,0.7321937321937322,notumor
2026-08-sweep-a,9eb9550dca47eb4f44103eb07bcb8c463a61bdb9,E003,ViT-B/16,46,test,intact,944ce00e4be958f3688a0996f6fb928fc7717e7c2804abb8000f28976efe0d43,606d9ef9e91c005f25be53430403b742c73c8890d4b8954bd7585ab187ff5581,1051,0.9524262607040913,0.9378278250403905,0.9637294583291992,0.95290738795432,0.2559467174119886,0.23048562553272908,0.28318536671900646,800,0.96,0.9440779676513313,0.9715254662394468,0.9620094696869202,0.33625,0.3043646617003492,0.3697004202570097,0.9479553903345725,0.9700374531835206,0.9282868525896414,0.9621212121212122,0.25499524262607043,0.2759276879162702,0.22454804947668885,0.2445290199809705,0.2759276879162702,meningioma
2026-08-sweep-a,9eb9550dca47eb4f44103eb07bcb8c463a61bdb9,E003,ViT-B/16,46,test,skull_outline,944ce00e4be958f3688a0996f6fb928fc7717e7c2804abb8000f28976efe0d43,606d9ef9e91c005f25be53430403b742c73c8890d4b8954bd7585ab187ff5581,1051,0.37773549000951473,0.3489199457614866,0.4074415454835348,0.29944376360387226,0.2559467174119886,0.23048562553272908,0.28318536671900646,800,0.21375,0.18674518976163515,0.24349071686611443,0.2625834617360041,0.33625,0.3043646617003492,0.3697004202570097,0.10408921933085502,0.5355805243445693,0.900398406374502,0.0,0.04186489058039962,0.21408182683158897,0.7440532825880114,0.0,0.7440532825880114,notumor
